email,create_count,read_count,update_count,delete_count
AjdIjF@mail.ru,362,322,370,344
BYWDBz@ya.ru,348,340,346,365
FEXVfhXnUNAV@mail.ru,369,370,346,326
GTeZH@mail.ru,332,362,360,375
HXiBtspZZahN@mail.ru,362,380,351,329
RssCui@mail.ru,346,349,360,338
SYdPBJbV@gmail.com,355,362,334,349
cZmhDLeKM@ya.ru,319,361,343,341
cfLRkASXpiiJT@ya.ru,374,374,334,329
kHpHM@ya.ru,348,342,345,338
